Order ID,Order Date,Region,Category,Sales,Profit,Quantity
ORD0001,13/04/2023,East,Electronics,1363.65,841.5,5
ORD0002,15/12/2023,South,Furniture,782.84,345.69,16
ORD0003,28/09/2023,North,Furniture,4191.16,418.72,4
ORD0004,17/04/2023,West,Furniture,4923.57,386.62,2
ORD0005,13/03/2023,West,Electronics,2675.88,600.24,18
ORD0006,08/07/2023,West,Furniture,941.23,-32.42,19
ORD0007,21/01/2023,East,Furniture,1434.31,-164.03,19
ORD0008,13/04/2023,West,Electronics,190.11,169.52,17
ORD0009,02/05/2023,West,Office Supplies,4580.06,645.62,14
ORD0010,03/08/2023,West,Electronics,676.98,42.22,19
ORD0011,27/11/2023,South,Furniture,2924.93,608.12,13
ORD0012,29/03/2023,East,Electronics,1442.87,963.89,12
ORD0013,10/04/2023,West,Office Supplies,2815.47,-87.32,6
ORD0014,26/12/2023,North,Electronics,3291.96,607.12,4
ORD0015,01/06/2023,North,Furniture,4165.73,332.5,19
ORD0016,11/05/2023,North,Office Supplies,1111.46,841.77,16
ORD0017,30/05/2023,East,Furniture,153.88,12.58,13
ORD0018,05/11/2023,East,Office Supplies,770.74,631.15,4
ORD0019,15/09/2023,North,Office Supplies,4510.09,805.74,17
ORD0020,10/12/2023,West,Electronics,4382.06,933.54,1
ORD0021,21/10/2023,East,Electronics,3027.32,619.9,18
ORD0022,11/07/2023,North,Furniture,3042.53,396.61,17
ORD0023,04/10/2023,North,Electronics,3358.68,541.42,15
ORD0024,10/06/2023,West,Electronics,959.32,842.69,11
ORD0025,10/11/2023,South,Office Supplies,4580.62,484.73,13
ORD0026,22/01/2023,East,Electronics,2151.98,-163.54,1
ORD0027,10/09/2023,West,Office Supplies,1977.38,917.14,17
ORD0028,24/08/2023,North,Office Supplies,2642.7,627.43,6
ORD0029,11/12/2023,North,Office Supplies,330.13,611.82,4
ORD0030,18/02/2023,West,Furniture,914.79,58.81,16
ORD0031,28/02/2023,East,Furniture,3716.36,590.66,15
ORD0032,19/06/2023,South,Furniture,505.71,272.64,15
ORD0033,07/07/2023,South,Office Supplies,3055.45,581.48,6
ORD0034,28/09/2023,North,Furniture,1302.21,-72.09,15
ORD0035,09/07/2023,East,Furniture,2007.55,589.41,14
ORD0036,24/06/2023,South,Electronics,1514.6,999.3,11
ORD0037,20/02/2023,East,Furniture,1842.8,-142.15,7
ORD0038,30/12/2023,East,Furniture,3623.32,972.61,9
ORD0039,24/02/2023,North,Office Supplies,1555.9,288.29,16
ORD0040,01/09/2023,South,Office Supplies,2875.38,844.9,5
ORD0041,16/11/2023,West,Office Supplies,2432.65,738.86,10
ORD0042,11/05/2023,North,Office Supplies,3351.99,480.42,18
ORD0043,03/11/2023,South,Office Supplies,4690.47,686.14,3
ORD0044,15/05/2023,South,Office Supplies,3689.6,854.22,13
ORD0045,21/01/2023,South,Furniture,1153.21,284.97,11
ORD0046,25/11/2023,South,Office Supplies,252.8,192.44,17
ORD0047,16/06/2023,South,Office Supplies,1385.09,601.11,13
ORD0048,01/10/2023,East,Electronics,3015.88,769.42,6
ORD0049,30/03/2023,North,Furniture,351.99,714.74,17
ORD0050,12/11/2023,East,Furniture,2532.19,757.38,13
ORD0051,14/01/2023,West,Furniture,3024.53,322.7,19
ORD0052,30/08/2023,South,Office Supplies,1737.8,781.4,19
ORD0053,22/09/2023,North,Office Supplies,3877.47,-55.75,10
ORD0054,12/12/2023,South,Office Supplies,622.33,453.39,3
ORD0055,22/02/2023,North,Electronics,468.18,-193.09,14
ORD0056,06/12/2023,East,Office Supplies,3668.12,189.5,19
ORD0057,02/04/2023,North,Electronics,2527.91,239.75,5
ORD0058,21/09/2023,West,Furniture,3473.17,275.41,5
ORD0059,04/02/2023,West,Office Supplies,2230.65,634.56,17
ORD0060,25/07/2023,North,Electronics,1307.37,266.27,10
ORD0061,22/03/2023,North,Electronics,4113.6,338.43,5
ORD0062,19/02/2023,North,Office Supplies,4017.14,85.05,4
ORD0063,26/12/2023,North,Furniture,3504.01,247.9,6
ORD0064,02/01/2023,West,Furniture,1433.51,72.72,4
ORD0065,23/02/2023,South,Furniture,2992.13,-112.16,7
ORD0066,16/04/2023,North,Electronics,1868.77,524.14,7
ORD0067,17/09/2023,North,Electronics,548.75,601.86,18
ORD0068,06/11/2023,West,Electronics,4594.84,543.39,3
ORD0069,10/07/2023,West,Electronics,770.41,356.19,1
ORD0070,06/08/2023,East,Furniture,4756.16,255.74,4
ORD0071,13/02/2023,North,Office Supplies,2285.43,836,6
ORD0072,11/06/2023,East,Electronics,1007.15,422.9,9
ORD0073,21/07/2023,West,Electronics,2755.31,375.02,14
ORD0074,27/09/2023,West,Furniture,4377.43,-169.23,12
ORD0075,17/12/2023,South,Office Supplies,3687.9,209.5,4
ORD0076,31/10/2023,North,Office Supplies,4052.15,256.23,12
ORD0077,28/09/2023,East,Furniture,3328.04,278.59,10
ORD0078,03/08/2023,West,Furniture,3492.16,496.21,7
ORD0079,09/09/2023,West,Office Supplies,4261.06,440.32,3
ORD0080,09/07/2023,East,Electronics,1323.37,529.49,14
ORD0081,23/10/2023,South,Office Supplies,2498.18,717.86,10
ORD0082,01/08/2023,West,Furniture,1183.93,775.58,16
ORD0083,27/07/2023,North,Electronics,4939.57,661.75,16
ORD0084,25/08/2023,West,Electronics,4725.89,946.63,10
ORD0085,04/12/2023,North,Furniture,293.19,-178.12,13
ORD0086,22/02/2023,East,Furniture,3557.32,34.93,6
ORD0087,07/10/2023,North,Furniture,4633.72,-190.92,12
ORD0088,05/08/2023,East,Office Supplies,984.82,576.97,9
ORD0089,09/09/2023,North,Office Supplies,2882.93,877.64,13
ORD0090,07/07/2023,East,Electronics,4585.89,92.18,4
ORD0091,10/02/2023,North,Furniture,266.34,912.44,11
ORD0092,06/06/2023,South,Electronics,3517.36,-127.68,18
ORD0093,15/01/2023,North,Electronics,1557.01,921.32,11
ORD0094,28/10/2023,North,Electronics,4629.54,221.95,4
ORD0095,06/03/2023,South,Electronics,4858.19,-78.3,18
ORD0096,11/12/2023,West,Furniture,4726.91,383.05,1
ORD0097,23/11/2023,West,Electronics,2423.65,108.13,7
ORD0098,09/01/2023,North,Furniture,4324.01,141.85,6
ORD0099,10/12/2023,South,Furniture,4238.29,168.75,15
ORD0100,09/05/2023,North,Office Supplies,1663.59,763.63,18
ORD0101,16/05/2023,East,Furniture,4161.69,446.99,11
ORD0102,04/03/2023,East,Office Supplies,281.34,173.57,15
ORD0103,19/05/2023,North,Furniture,3021.72,532.4,16
ORD0104,22/03/2023,West,Furniture,1227.04,659.38,7
ORD0105,12/06/2023,West,Furniture,690.78,127.15,10
ORD0106,16/10/2023,North,Office Supplies,477.07,296.26,12
ORD0107,18/09/2023,North,Office Supplies,3511.82,-53.74,14
ORD0108,19/08/2023,East,Electronics,1765.39,17.38,5
ORD0109,10/02/2023,West,Office Supplies,3651.36,617.34,18
ORD0110,28/01/2023,North,Office Supplies,420.25,17.73,5
ORD0111,15/05/2023,East,Office Supplies,1644.92,430.2,3
ORD0112,20/07/2023,West,Office Supplies,2743.51,650.86,5
ORD0113,24/11/2023,South,Electronics,3974.54,-71.75,17
ORD0114,25/09/2023,East,Office Supplies,1661.89,480.77,19
ORD0115,02/02/2023,West,Furniture,3166.87,107.88,19
ORD0116,17/02/2023,West,Furniture,4441.29,955.51,12
ORD0117,03/03/2023,East,Office Supplies,3117.73,380.25,9
ORD0118,04/08/2023,South,Office Supplies,1241.5,767.19,1
ORD0119,20/10/2023,East,Furniture,219.56,460.27,18
ORD0120,09/04/2023,West,Furniture,4363.48,-147.9,4
ORD0121,21/06/2023,North,Electronics,204.22,559.78,10
ORD0122,26/12/2023,North,Furniture,4386.04,941.68,7
ORD0123,02/08/2023,East,Furniture,2691.79,521.93,1
ORD0124,04/02/2023,West,Office Supplies,4701.43,783.03,17
ORD0125,15/08/2023,North,Furniture,4014.04,861.05,2
ORD0126,11/04/2023,West,Electronics,4989.88,73.7,11
ORD0127,11/05/2023,East,Furniture,1818.49,54.45,9
ORD0128,14/09/2023,North,Office Supplies,3859.22,533.18,7
ORD0129,05/01/2023,West,Office Supplies,2069.46,293.23,17
ORD0130,06/08/2023,North,Furniture,2451.39,807.83,17
ORD0131,12/09/2023,East,Office Supplies,3174.78,880.03,2
ORD0132,25/12/2023,West,Electronics,4381.02,224.11,6
ORD0133,10/10/2023,North,Electronics,4922.01,84.24,14
ORD0134,26/07/2023,East,Furniture,3864.54,736.63,6
ORD0135,15/01/2023,North,Furniture,2147.06,129.77,2
ORD0136,12/12/2023,North,Furniture,2164.65,787.14,1
ORD0137,11/02/2023,South,Office Supplies,3714.15,308.49,10
ORD0138,28/06/2023,South,Electronics,1270.01,601.06,5
ORD0139,04/03/2023,East,Electronics,641.32,-85.36,2
ORD0140,18/12/2023,South,Office Supplies,1837.65,548.63,16
ORD0141,19/08/2023,East,Electronics,1507.47,342.12,2
ORD0142,29/08/2023,South,Furniture,1551.91,503.93,10
ORD0143,21/02/2023,North,Furniture,1244.68,1.62,2
ORD0144,06/04/2023,East,Furniture,306.26,684.25,16
ORD0145,10/08/2023,East,Electronics,187.58,835.36,16
ORD0146,19/08/2023,North,Furniture,4939.84,60.09,19
ORD0147,25/08/2023,East,Office Supplies,2196.09,-85.14,7
ORD0148,23/05/2023,East,Office Supplies,1983.2,-171.63,12
ORD0149,20/06/2023,South,Electronics,3430.27,570.37,15
ORD0150,29/01/2023,East,Office Supplies,1169.44,528.51,8
ORD0151,05/02/2023,West,Office Supplies,4754.81,456.04,6
ORD0152,13/01/2023,North,Electronics,3953.09,78.34,10
ORD0153,09/06/2023,South,Furniture,538.11,269.09,3
ORD0154,23/11/2023,South,Furniture,2146.15,513.37,19
ORD0155,06/07/2023,West,Furniture,4407.68,396.12,17
ORD0156,31/08/2023,North,Electronics,4729.19,985.34,7
ORD0157,27/03/2023,North,Office Supplies,2390.27,-36.27,4
ORD0158,11/10/2023,South,Furniture,3105.72,634.17,14
ORD0159,07/03/2023,East,Furniture,918.47,285.18,15
ORD0160,19/06/2023,South,Electronics,4956.73,313.84,8
ORD0161,14/02/2023,North,Furniture,1235.19,661.12,15
ORD0162,03/03/2023,West,Electronics,4719.39,630.92,14
ORD0163,14/05/2023,South,Office Supplies,3283.27,989.51,9
ORD0164,11/10/2023,North,Electronics,3077.91,-45.93,8
ORD0165,28/01/2023,South,Electronics,2612.17,-75.07,17
ORD0166,18/04/2023,East,Electronics,1230.28,669.21,2
ORD0167,13/02/2023,South,Electronics,964.99,494.06,3
ORD0168,06/12/2023,South,Office Supplies,1180.38,128.99,8
ORD0169,13/10/2023,North,Office Supplies,1013.55,-104.7,12
ORD0170,27/11/2023,North,Furniture,3919.96,-97.21,1
ORD0171,08/05/2023,North,Office Supplies,1815.61,873.03,10
ORD0172,14/12/2023,South,Office Supplies,383.43,30.24,3
ORD0173,19/08/2023,East,Furniture,4848.6,188.05,6
ORD0174,09/07/2023,West,Office Supplies,4430.55,71.99,7
ORD0175,13/08/2023,West,Electronics,4645.99,226,18
ORD0176,10/10/2023,North,Electronics,4975.05,-116.69,11
ORD0177,01/05/2023,North,Furniture,952.09,422.87,19
ORD0178,26/04/2023,South,Furniture,2041.59,-118.86,5
ORD0179,21/08/2023,West,Furniture,3815.37,760.43,19
ORD0180,16/09/2023,North,Electronics,3510.5,80.45,11
ORD0181,25/12/2023,East,Office Supplies,854.09,448.01,12
ORD0182,17/07/2023,East,Electronics,4097.58,856.09,10
ORD0183,17/05/2023,North,Furniture,1199.76,581.05,8
ORD0184,14/11/2023,North,Office Supplies,1196.71,439.55,9
ORD0185,14/06/2023,West,Office Supplies,2731.17,189.2,4
ORD0186,13/08/2023,West,Electronics,3005.41,199.6,5
ORD0187,03/11/2023,South,Furniture,2942.42,603.38,8
ORD0188,22/08/2023,West,Electronics,548.29,992.97,9
ORD0189,21/06/2023,East,Office Supplies,4399.56,594.21,15
ORD0190,01/06/2023,East,Electronics,1401.44,469.34,15
ORD0191,11/11/2023,North,Electronics,734.62,676.78,16
ORD0192,09/06/2023,West,Furniture,4454.87,358.25,14
ORD0193,06/04/2023,South,Furniture,4782.69,-127.83,8
ORD0194,21/08/2023,East,Office Supplies,4324.43,474.76,18
ORD0195,29/06/2023,East,Electronics,4066.63,949.15,10
ORD0196,23/04/2023,South,Electronics,3310.69,10.36,6
ORD0197,14/11/2023,South,Electronics,2799.2,628.01,12
ORD0198,21/02/2023,East,Office Supplies,526.24,41.12,2
ORD0199,25/09/2023,East,Office Supplies,2101.42,442.99,7
ORD0200,22/10/2023,South,Furniture,1926.17,-83.99,16
ORD0201,23/04/2023,East,Furniture,1372.79,340.45,3
ORD0202,11/04/2023,North,Furniture,3644.76,707.4,13
ORD0203,23/04/2023,North,Electronics,2529.79,217.09,3
ORD0204,22/03/2023,South,Electronics,497.13,597.89,18
ORD0205,06/07/2023,West,Furniture,1178.9,754.54,11
ORD0206,23/04/2023,South,Electronics,3447.97,912.61,8
ORD0207,02/01/2023,South,Furniture,473.04,81.57,6
ORD0208,10/05/2023,West,Office Supplies,4270.91,279.18,1
ORD0209,08/08/2023,West,Furniture,2526.22,-17.1,1
ORD0210,23/02/2023,West,Office Supplies,2454.87,990.98,8
ORD0211,09/12/2023,North,Electronics,3002.8,912.4,5
ORD0212,12/08/2023,East,Furniture,4140.94,447.95,16
ORD0213,13/08/2023,North,Electronics,1804.27,810.44,11
ORD0214,06/05/2023,East,Office Supplies,3422.28,425.15,5
ORD0215,10/05/2023,North,Office Supplies,2872.09,548.3,4
ORD0216,22/02/2023,East,Office Supplies,1408.44,-93.05,6
ORD0217,21/06/2023,North,Electronics,4405.29,706.32,14
ORD0218,06/08/2023,West,Electronics,4007.39,-46.74,19
ORD0219,09/06/2023,South,Electronics,3326.41,791.28,9
ORD0220,17/07/2023,North,Electronics,4267.85,738.43,12
ORD0221,04/09/2023,East,Office Supplies,4349.74,650.49,11
ORD0222,20/11/2023,West,Office Supplies,3570.98,-156.61,14
ORD0223,22/07/2023,North,Furniture,4201.37,163.75,16
ORD0224,03/07/2023,North,Furniture,3517.61,115.74,1
ORD0225,03/05/2023,West,Electronics,3432.69,232.16,13
ORD0226,12/09/2023,North,Office Supplies,3131.2,-94.83,13
ORD0227,21/10/2023,South,Office Supplies,3788.31,924.35,2
ORD0228,07/10/2023,North,Office Supplies,877.17,464.56,4
ORD0229,21/11/2023,South,Furniture,4416.27,166.63,6
ORD0230,08/04/2023,South,Furniture,4372.03,276.38,5
ORD0231,17/07/2023,West,Office Supplies,243.31,336.64,3
ORD0232,28/08/2023,North,Office Supplies,4146.5,520.71,1
ORD0233,24/05/2023,West,Office Supplies,731.46,418.82,4
ORD0234,07/04/2023,North,Furniture,1742.08,903.27,2
ORD0235,20/07/2023,North,Office Supplies,3743.19,396.36,5
ORD0236,04/05/2023,East,Office Supplies,887.72,990.59,3
ORD0237,06/07/2023,North,Electronics,4108.04,821.71,9
ORD0238,22/11/2023,West,Electronics,4177.46,50.21,6
ORD0239,15/12/2023,South,Furniture,2586.59,916.71,18
ORD0240,16/09/2023,North,Office Supplies,131.29,-60.36,6
ORD0241,28/05/2023,East,Office Supplies,1506.49,780.94,19
ORD0242,09/09/2023,West,Electronics,3122.94,256.75,12
ORD0243,12/12/2023,North,Furniture,4907.81,853.57,11
ORD0244,27/05/2023,West,Electronics,3195.89,841.67,2
ORD0245,28/05/2023,East,Electronics,1373.04,767.11,15
ORD0246,18/12/2023,East,Electronics,3206.63,748.04,12
ORD0247,18/07/2023,West,Electronics,2745.93,165.61,12
ORD0248,04/11/2023,North,Office Supplies,3921.24,-102.9,9
ORD0249,08/05/2023,South,Office Supplies,624.21,283.58,2
ORD0250,08/02/2023,East,Electronics,3829.04,8.23,3
ORD0251,04/12/2023,North,Furniture,2752.21,633.94,12
ORD0252,26/12/2023,North,Furniture,4818.66,215.32,16
ORD0253,09/05/2023,South,Furniture,1775.17,970.73,1
ORD0254,24/09/2023,East,Furniture,3199.85,569.17,3
ORD0255,31/05/2023,East,Electronics,4666.94,786.98,2
ORD0256,25/10/2023,North,Office Supplies,602.3,-40.97,9
ORD0257,09/04/2023,North,Furniture,4692.42,834.42,19
ORD0258,20/09/2023,South,Electronics,3470.64,907.31,15
ORD0259,09/09/2023,South,Furniture,432.4,384.47,18
ORD0260,24/05/2023,East,Furniture,1574.72,527.5,11
ORD0261,12/12/2023,West,Electronics,3570.04,717.77,16
ORD0262,22/04/2023,East,Office Supplies,430.02,9.81,17
ORD0263,01/03/2023,North,Office Supplies,2952.64,403.08,5
ORD0264,02/01/2023,East,Electronics,1794.83,278.4,12
ORD0265,31/10/2023,West,Office Supplies,3142.49,-24.35,11
ORD0266,11/09/2023,South,Electronics,324.14,241.04,15
ORD0267,20/05/2023,West,Electronics,4370.53,-118.19,3
ORD0268,06/02/2023,West,Electronics,4870.1,-169.03,1
ORD0269,09/06/2023,West,Office Supplies,4847.5,-37.8,16
ORD0270,09/01/2023,South,Electronics,3773.29,955.74,2
ORD0271,21/08/2023,West,Furniture,737.42,459.44,2
ORD0272,09/04/2023,West,Office Supplies,3815.49,958.99,3
ORD0273,27/05/2023,West,Office Supplies,220.48,319,8
ORD0274,31/10/2023,North,Office Supplies,208.41,174.18,15
ORD0275,27/07/2023,West,Office Supplies,1685.69,407.37,7
ORD0276,11/05/2023,South,Furniture,2494.35,327.41,6
ORD0277,01/06/2023,West,Office Supplies,3875,-73.2,9
ORD0278,23/02/2023,West,Office Supplies,3448.15,568.99,1
ORD0279,30/04/2023,South,Electronics,2284.92,59.25,8
ORD0280,10/06/2023,West,Office Supplies,1440.77,543.51,3
ORD0281,26/04/2023,South,Furniture,4985.91,580.24,4
ORD0282,16/03/2023,West,Furniture,2188.29,-17.57,15
ORD0283,23/04/2023,South,Furniture,2311.8,-126.38,6
ORD0284,14/04/2023,West,Furniture,901.76,736.91,15
ORD0285,06/12/2023,West,Office Supplies,3994.57,351.76,3
ORD0286,11/09/2023,North,Office Supplies,3499.04,-130.2,14
ORD0287,15/08/2023,North,Furniture,1181.77,993.84,14
ORD0288,22/04/2023,West,Furniture,503.67,-130.66,4
ORD0289,09/04/2023,West,Office Supplies,3434.45,634.04,12
ORD0290,02/06/2023,East,Furniture,3307.1,980.41,17
ORD0291,15/12/2023,South,Electronics,1438.97,87.02,7
ORD0292,04/12/2023,East,Furniture,4759.23,-29.3,9
ORD0293,13/07/2023,North,Furniture,840.18,-54.34,3
ORD0294,06/11/2023,North,Electronics,2218.44,163.93,13
ORD0295,12/06/2023,North,Electronics,4723.72,-78.75,15
ORD0296,27/07/2023,North,Office Supplies,2156.66,630.59,18
ORD0297,18/06/2023,West,Office Supplies,3228.78,-125.25,19
ORD0298,10/06/2023,North,Electronics,2048.21,411.31,1
ORD0299,09/03/2023,West,Electronics,1443.65,996.04,6
ORD0300,16/10/2023,West,Office Supplies,4921.49,776.76,2
ORD0301,04/10/2023,North,Furniture,2105.74,538.26,14
ORD0302,31/10/2023,North,Electronics,4481.09,167.5,6
ORD0303,15/05/2023,South,Office Supplies,1226.78,548.68,14
ORD0304,14/07/2023,East,Furniture,1144.21,432.45,4
ORD0305,08/05/2023,North,Electronics,252.56,311.3,8
ORD0306,02/02/2023,South,Furniture,3293.17,-43.15,3
ORD0307,25/06/2023,South,Office Supplies,1905.78,863.93,19
ORD0308,22/01/2023,East,Electronics,4335.36,339.74,14
ORD0309,26/08/2023,West,Furniture,2418.73,33.55,17
ORD0310,07/06/2023,North,Electronics,4844.15,241.31,8
ORD0311,07/02/2023,East,Furniture,1009.08,296.96,14
ORD0312,18/08/2023,North,Office Supplies,4356.25,793.05,6
ORD0313,31/12/2023,South,Office Supplies,3905.32,680.34,16
ORD0314,20/02/2023,South,Electronics,3877.52,723.17,19
ORD0315,21/09/2023,West,Furniture,4239.44,-186.76,14
ORD0316,10/10/2023,South,Electronics,3829.02,299.38,19
ORD0317,27/01/2023,South,Electronics,3168.48,377.61,3
ORD0318,14/08/2023,East,Furniture,743.1,-176.97,10
ORD0319,04/10/2023,North,Furniture,259.38,111.78,19
ORD0320,13/10/2023,North,Furniture,4612.15,712.35,9
ORD0321,07/04/2023,East,Office Supplies,3121.59,-35.47,13
ORD0322,11/10/2023,West,Electronics,4003.03,442.37,7
ORD0323,13/11/2023,North,Electronics,2459.46,58.24,14
ORD0324,31/10/2023,South,Office Supplies,674.81,-185.46,9
ORD0325,27/05/2023,North,Furniture,713.41,89.44,19
ORD0326,04/01/2023,South,Office Supplies,3459.27,971.05,15
ORD0327,04/02/2023,West,Office Supplies,2208.5,761.84,14
ORD0328,11/07/2023,East,Office Supplies,1082.57,951.49,6
ORD0329,18/02/2023,North,Electronics,2508.81,385.42,4
ORD0330,17/01/2023,East,Office Supplies,414.62,-68.32,8
ORD0331,21/06/2023,North,Electronics,2951.66,457.55,17
ORD0332,08/08/2023,South,Electronics,1418.07,345.25,9
ORD0333,07/06/2023,East,Electronics,4008.04,813.23,1
ORD0334,15/02/2023,North,Furniture,1620.77,-82.3,14
ORD0335,06/01/2023,South,Electronics,2330.58,385.89,11
ORD0336,09/04/2023,East,Electronics,156.94,-19.94,3
ORD0337,21/08/2023,East,Furniture,454.99,189.61,9
ORD0338,06/02/2023,North,Electronics,2023.22,684.83,14
ORD0339,07/10/2023,North,Office Supplies,2451.7,371.22,9
ORD0340,15/12/2023,North,Office Supplies,3040.1,251.07,4
ORD0341,29/10/2023,South,Electronics,1529.15,273.37,4
ORD0342,30/06/2023,North,Furniture,3505.41,351.34,8
ORD0343,05/04/2023,East,Office Supplies,4314.6,742.02,2
ORD0344,09/04/2023,East,Furniture,3921.27,870.5,9
ORD0345,07/07/2023,North,Furniture,294.13,946.4,14
ORD0346,26/04/2023,North,Office Supplies,2454.48,744.28,9
ORD0347,10/07/2023,West,Furniture,614.16,178.49,16
ORD0348,10/09/2023,East,Office Supplies,1286.02,625.76,17
ORD0349,10/06/2023,South,Furniture,4934.65,325.12,16
ORD0350,13/09/2023,West,Office Supplies,798.23,105.6,12
ORD0351,19/11/2023,North,Electronics,2544.55,809.05,3
ORD0352,08/05/2023,North,Office Supplies,3128.96,-153.89,11
ORD0353,18/01/2023,East,Office Supplies,3542.08,882.11,14
ORD0354,08/10/2023,North,Office Supplies,2842.28,353.77,18
ORD0355,11/08/2023,South,Office Supplies,147.88,564.64,5
ORD0356,23/02/2023,East,Furniture,1699.66,591.22,16
ORD0357,27/02/2023,North,Electronics,2636.79,874.14,5
ORD0358,19/11/2023,East,Office Supplies,530.55,564,3
ORD0359,26/12/2023,North,Furniture,1818.07,536.72,12
ORD0360,23/06/2023,North,Electronics,262.7,-120.02,1
ORD0361,07/10/2023,North,Electronics,485.03,422.09,9
ORD0362,24/04/2023,South,Electronics,2044.92,-19.8,9
ORD0363,15/10/2023,South,Electronics,750.31,684.92,4
ORD0364,08/12/2023,East,Office Supplies,2880.95,414.67,3
ORD0365,31/05/2023,North,Office Supplies,3478.38,616.27,17
ORD0366,07/05/2023,North,Furniture,4022.87,-149.99,2
ORD0367,04/06/2023,South,Furniture,1080.74,-98.25,1
ORD0368,30/09/2023,North,Furniture,920.66,659.59,8
ORD0369,14/04/2023,South,Electronics,612.38,-113.5,13
ORD0370,26/10/2023,North,Electronics,3218.51,-114.49,15
ORD0371,03/09/2023,East,Office Supplies,3561.73,-185.47,8
ORD0372,25/06/2023,North,Electronics,254.77,947.8,12
ORD0373,08/02/2023,North,Electronics,4687.44,685.01,12
ORD0374,19/06/2023,West,Electronics,354.66,223.9,14
ORD0375,04/09/2023,South,Furniture,2752.35,155.84,15
ORD0376,26/01/2023,North,Furniture,3574.4,219.64,15
ORD0377,21/12/2023,North,Office Supplies,4367.75,729.58,9
ORD0378,02/11/2023,West,Electronics,3599.03,593.64,19
ORD0379,13/01/2023,West,Electronics,4028.47,22.23,8
ORD0380,12/11/2023,South,Office Supplies,1763.31,8.93,19
ORD0381,09/11/2023,West,Electronics,4092.64,-81.93,6
ORD0382,05/02/2023,East,Electronics,492.56,592.36,19
ORD0383,22/06/2023,West,Furniture,4484.6,717.25,4
ORD0384,20/01/2023,East,Office Supplies,2783.2,118.06,7
ORD0385,17/11/2023,South,Office Supplies,4104.76,-174.87,4
ORD0386,21/09/2023,South,Office Supplies,2316.36,-101.39,12
ORD0387,22/05/2023,South,Office Supplies,3253.53,961.43,13
ORD0388,23/05/2023,South,Furniture,2679.37,154.53,3
ORD0389,02/04/2023,South,Furniture,3684.79,723.07,12
ORD0390,20/12/2023,East,Electronics,499.99,549.6,2
ORD0391,18/11/2023,East,Electronics,395.73,258.33,2
ORD0392,15/10/2023,South,Electronics,1310.81,46.82,9
ORD0393,03/08/2023,West,Electronics,881.77,-54.34,1
ORD0394,08/12/2023,North,Furniture,4371.74,538.02,8
ORD0395,20/02/2023,South,Office Supplies,1174.15,729.56,6
ORD0396,02/06/2023,West,Furniture,4881.74,572.69,6
ORD0397,05/07/2023,North,Electronics,1750.79,436.36,18
ORD0398,04/03/2023,South,Furniture,992.38,-149.66,17
ORD0399,09/07/2023,South,Office Supplies,3969.52,962.19,12
ORD0400,05/05/2023,East,Office Supplies,3327.67,758.46,6
ORD0401,30/05/2023,North,Furniture,2541.16,151.39,8
ORD0402,10/11/2023,North,Furniture,2821.28,975.96,19
ORD0403,27/02/2023,West,Furniture,3624.09,522.26,10
ORD0404,08/12/2023,East,Electronics,1219.43,498.91,1
ORD0405,01/11/2023,East,Furniture,4982.04,697.69,13
ORD0406,29/06/2023,East,Furniture,4876.49,774.12,17
ORD0407,19/06/2023,East,Furniture,3286.6,587.77,3
ORD0408,22/11/2023,North,Office Supplies,1077.76,-46.29,8
ORD0409,28/09/2023,North,Office Supplies,3433.12,205.92,14
ORD0410,23/02/2023,South,Electronics,453.77,913.7,3
ORD0411,11/04/2023,South,Electronics,250.2,69.54,16
ORD0412,21/09/2023,East,Office Supplies,1362.65,246.6,13
ORD0413,22/02/2023,East,Office Supplies,2366.85,318.49,17
ORD0414,01/03/2023,East,Office Supplies,4354.54,327.29,13
ORD0415,18/04/2023,South,Furniture,3663.13,535.53,6
ORD0416,05/01/2023,West,Furniture,3739.26,931.69,17
ORD0417,13/04/2023,West,Office Supplies,2184.92,88.83,14
ORD0418,15/07/2023,South,Furniture,1795.08,-54.2,17
ORD0419,19/09/2023,South,Furniture,1918.09,36.96,8
ORD0420,31/12/2023,South,Electronics,4939.48,864.31,11
ORD0421,16/12/2023,South,Office Supplies,296.54,574.97,1
ORD0422,16/02/2023,South,Office Supplies,4348.45,143.09,7
ORD0423,21/12/2023,South,Furniture,2935.51,779.14,17
ORD0424,07/11/2023,East,Office Supplies,2249.22,833.64,10
ORD0425,04/11/2023,East,Electronics,3653.76,815.82,11
ORD0426,24/05/2023,East,Electronics,2484.68,902.71,9
ORD0427,26/09/2023,East,Electronics,4379.77,102.69,9
ORD0428,04/05/2023,South,Office Supplies,4513.44,706.05,5
ORD0429,16/04/2023,West,Office Supplies,2166.43,352.65,17
ORD0430,07/06/2023,North,Office Supplies,1456.46,810.4,9
ORD0431,27/05/2023,South,Office Supplies,3002.52,674.19,17
ORD0432,25/05/2023,North,Office Supplies,4570.58,731.74,19
ORD0433,30/04/2023,West,Electronics,1132.24,587.39,7
ORD0434,15/11/2023,East,Furniture,3152.54,12.91,9
ORD0435,02/10/2023,West,Electronics,3194.65,454.03,7
ORD0436,02/04/2023,South,Office Supplies,3692.25,981.6,13
ORD0437,27/02/2023,East,Electronics,744.68,924.87,11
ORD0438,12/12/2023,South,Office Supplies,3607.54,-148.19,14
ORD0439,17/08/2023,East,Office Supplies,4554.26,-2.22,19
ORD0440,27/04/2023,North,Electronics,980.45,-41.93,11
ORD0441,14/11/2023,North,Office Supplies,1263.96,671.18,13
ORD0442,06/10/2023,North,Furniture,4859.84,781.34,14
ORD0443,07/05/2023,West,Office Supplies,986.79,56.21,13
ORD0444,09/05/2023,South,Furniture,4286.49,407.02,1
ORD0445,27/02/2023,West,Furniture,2512.16,808.84,8
ORD0446,02/05/2023,North,Office Supplies,1311.43,679.36,12
ORD0447,01/01/2023,South,Electronics,4366.67,450.68,19
ORD0448,27/08/2023,North,Furniture,2282,508.42,12
ORD0449,17/10/2023,West,Electronics,2622.61,410.03,8
ORD0450,06/04/2023,West,Furniture,1860.24,157.06,8
ORD0451,06/05/2023,West,Office Supplies,3005.46,478.03,13
ORD0452,28/04/2023,North,Office Supplies,901.27,626.66,12
ORD0453,17/02/2023,South,Furniture,2016.3,847.99,16
ORD0454,30/03/2023,South,Office Supplies,4850.12,563.55,1
ORD0455,25/08/2023,North,Furniture,1364.85,713.35,13
ORD0456,29/09/2023,South,Office Supplies,3318.01,-7.91,7
ORD0457,08/07/2023,North,Electronics,1693.43,353.87,5
ORD0458,11/07/2023,South,Office Supplies,3890.02,-188.8,8
ORD0459,10/03/2023,East,Electronics,741.28,96.01,14
ORD0460,05/10/2023,East,Office Supplies,4852.12,671.75,13
ORD0461,15/12/2023,West,Electronics,2323.57,990.17,15
ORD0462,04/09/2023,East,Office Supplies,1256.65,-80.99,17
ORD0463,17/03/2023,East,Electronics,460.13,281.79,15
ORD0464,03/06/2023,East,Furniture,931.81,760.09,18
ORD0465,24/05/2023,North,Furniture,2646.89,44.84,18
ORD0466,27/03/2023,East,Electronics,1751.32,466.1,2
ORD0467,04/07/2023,East,Office Supplies,4161.53,679.69,4
ORD0468,12/10/2023,West,Electronics,2211.35,539.18,1
ORD0469,08/08/2023,East,Office Supplies,1318.7,25.63,4
ORD0470,10/03/2023,East,Furniture,3124.01,226.46,18
ORD0471,16/02/2023,South,Office Supplies,3563.21,740.55,5
ORD0472,04/04/2023,West,Furniture,918.51,465.07,19
ORD0473,26/08/2023,West,Office Supplies,921.33,-193.72,15
ORD0474,23/07/2023,West,Office Supplies,279.69,713.19,8
ORD0475,06/08/2023,West,Office Supplies,3708.37,-157.63,17
ORD0476,07/12/2023,West,Electronics,3352.64,694.88,1
ORD0477,08/02/2023,West,Electronics,2425.69,42.98,12
ORD0478,10/04/2023,North,Furniture,4236.44,949.69,19
ORD0479,16/10/2023,East,Furniture,4047.78,241.53,15
ORD0480,11/09/2023,West,Electronics,2968.24,192.32,9
ORD0481,10/08/2023,East,Furniture,4354.53,-21.33,7
ORD0482,23/12/2023,East,Electronics,1108.62,166.73,2
ORD0483,23/01/2023,North,Office Supplies,648.41,851.98,9
ORD0484,07/09/2023,West,Furniture,1421.77,995.6,10
ORD0485,10/01/2023,South,Furniture,379.73,241.97,2
ORD0486,03/09/2023,North,Electronics,2702.73,338.33,19
ORD0487,21/11/2023,South,Furniture,4689.37,666.49,11
ORD0488,10/04/2023,East,Furniture,292.78,863.43,13
ORD0489,17/10/2023,East,Office Supplies,698.34,511.65,10
ORD0490,29/06/2023,North,Furniture,2315.78,269.83,14
ORD0491,11/08/2023,North,Office Supplies,4675.99,295.15,18
ORD0492,07/09/2023,South,Electronics,1649.16,634.74,19
ORD0493,27/05/2023,West,Furniture,2585.45,-196.14,9
ORD0494,06/04/2023,South,Office Supplies,303.71,543.51,7
ORD0495,14/09/2023,North,Electronics,826.88,226.59,3
ORD0496,21/11/2023,South,Furniture,4934.49,753.04,6
ORD0497,04/01/2023,North,Electronics,4829.08,-88.41,2
ORD0498,16/01/2023,South,Furniture,124.21,505.84,6
ORD0499,07/10/2023,North,Electronics,4763.88,377.17,3
ORD0500,02/12/2023,North,Electronics,3231.69,570.79,16
